

DROP TABLE IF EXISTS `t_drugs`;CREATE TABLE `t_drugs` (
  `id` int(11) NOT NULL AUTO_INCREMENT,
  `drug_name` varchar(100) DEFAULT NULL,
  `purchase_price` int(11) DEFAULT NULL,
  `selling_price` int(11) DEFAULT NULL,
  `available` tinyint(1) DEFAULT NULL,
  PRIMARY KEY (`id`)
) ENGINE=InnoDB AUTO_INCREMENT=29 DEFAULT CHARSET=utf8mb4;


INSERT INTO t_drugs VALUES
('3','ABBOCATH 20','15000','16000','0'),
('4','ABBOCATH 22','20000','22000','0'),
('5','ABSOLUTE','14000','15000','0'),
('6','ACETON 60ML','6000','7000','1'),
('7','ACIFAR CR 5 GR','6000','8000','1'),
('8','ACITRAL TAB','1000','3000','1'),
('9','ACLONAC GEL','33000','35000','0'),
('10','ACNOL 10ML','10000','12000','1'),
('11','ACTIFED H 60ML','30000','35000','1'),
('12','ACTIFED K 60ML','26000','30000','1'),
('13','ACTIFED M 60ML','29000','30000','1'),
('14','FITIKOM GUMMY','15000','16000','1'),
('15','FITIKOM GUMMY','15000','16000','1'),
('16','FRESH CARE ORIGINAL','10000','12000','1'),
('19','FRESH CARE SPLASH FRUIT','10000','20000','1'),
('20','FUMADRYL 60 ML','6000','7000','1'),
('21','FUROSEMID 40MG','500','1000','1'),
('22','FUSON CR 5GR','47000','50000','1'),
('23','GABITEN TAB','500','1000','1'),
('24','ANAKONIDIN SYR 60ML','10000','11000','1'),
('25','AMURATEN','3000','5000','1'),
('26','Acarbose','5000','6000','1'),
('27','Acetazolamide','300','600','1'),
('28','ANDALAN LAKTASI','11000','12000','1');




DROP TABLE IF EXISTS `t_mutation`;CREATE TABLE `t_mutation` (
  `id` int(11) NOT NULL AUTO_INCREMENT,
  `drug_id` int(11) DEFAULT NULL,
  `mutation_date` date DEFAULT NULL,
  `stock_in` smallint(6) DEFAULT NULL,
  `stock_out` smallint(6) DEFAULT NULL,
  PRIMARY KEY (`id`)
) ENGINE=InnoDB AUTO_INCREMENT=722 DEFAULT CHARSET=utf8mb4;


INSERT INTO t_mutation VALUES
('3','3','2020-10-28','5','2'),
('4','4','2020-10-28','10','1'),
('5','3','2020-10-29','0','0'),
('6','4','2020-10-29','0','0'),
('7','5','2020-10-29','9','0'),
('8','6','2020-10-29','12','0'),
('9','7','2020-10-29','7','0'),
('10','8','2020-10-29','5','0'),
('11','9','2020-10-29','2','0'),
('12','10','2020-10-29','30','0'),
('13','11','2020-10-29','7','0'),
('14','12','2020-10-29','5','0'),
('15','13','2020-10-29','2','0'),
('16','14','2020-10-29','20','0'),
('17','15','2020-10-29','20','0'),
('18','3','2020-10-30','0','0'),
('19','4','2020-10-30','0','0'),
('20','5','2020-10-30','0','0'),
('21','6','2020-10-30','0','0'),
('22','7','2020-10-30','0','0'),
('23','8','2020-10-30','0','0'),
('24','9','2020-10-30','0','0'),
('25','10','2020-10-30','0','0'),
('26','11','2020-10-30','0','0'),
('27','12','2020-10-30','0','0'),
('28','13','2020-10-30','0','0'),
('29','14','2020-10-30','0','0'),
('30','15','2020-10-30','0','0'),
('69','3','2020-10-31','0','0'),
('70','4','2020-10-31','0','3'),
('71','5','2020-10-31','0','0'),
('72','6','2020-10-31','0','0'),
('73','7','2020-10-31','0','0'),
('74','8','2020-10-31','0','0'),
('75','9','2020-10-31','0','0'),
('76','10','2020-10-31','0','0'),
('77','11','2020-10-31','0','0'),
('78','12','2020-10-31','0','0'),
('79','13','2020-10-31','0','0'),
('80','14','2020-10-31','0','0'),
('81','15','2020-10-31','0','0'),
('82','16','2020-10-31','5','0'),
('83','19','2020-10-31','3','0'),
('84','3','2020-11-01','0','0'),
('85','4','2020-11-01','0','0'),
('86','5','2020-11-01','0','0'),
('87','6','2020-11-01','0','0'),
('88','7','2020-11-01','0','0'),
('89','8','2020-11-01','0','0'),
('90','9','2020-11-01','0','0'),
('91','10','2020-11-01','0','0'),
('92','11','2020-11-01','0','0'),
('93','12','2020-11-01','0','0'),
('94','13','2020-11-01','0','0'),
('95','14','2020-11-01','0','0'),
('96','15','2020-11-01','0','0'),
('97','16','2020-11-01','0','0'),
('98','19','2020-11-01','0','0'),
('99','4','2020-11-02','1','0'),
('100','5','2020-11-02','0','0'),
('101','6','2020-11-02','0','0'),
('102','7','2020-11-02','0','0'),
('103','8','2020-11-02','0','4'),
('104','9','2020-11-02','0','1'),
('105','10','2020-11-02','0','0'),
('106','11','2020-11-02','0','0'),
('107','12','2020-11-02','0','0'),
('108','13','2020-11-02','0','0'),
('109','14','2020-11-02','0','0'),
('110','15','2020-11-02','0','0'),
('111','16','2020-11-02','0','0'),
('112','19','2020-11-02','0','0'),
('113','4','2020-11-04','0','3'),
('114','5','2020-11-04','0','1'),
('115','6','2020-11-04','0','3'),
('116','7','2020-11-04','0','0'),
('117','8','2020-11-04','0','0'),
('118','9','2020-11-04','0','1'),
('119','10','2020-11-04','0','2'),
('120','11','2020-11-04','0','0'),
('121','12','2020-11-04','0','3'),
('122','13','2020-11-04','0','1'),
('123','14','2020-11-04','0','0'),
('124','15','2020-11-04','0','0'),
('125','16','2020-11-04','0','0'),
('126','19','2020-11-04','0','0'),
('127','4','2020-11-06','0','0'),
('128','5','2020-11-06','0','0'),
('129','6','2020-11-06','0','0'),
('130','7','2020-11-06','0','0'),
('131','8','2020-11-06','0','0'),
('132','9','2020-11-06','0','0'),
('133','10','2020-11-06','0','0'),
('134','11','2020-11-06','0','0'),
('135','12','2020-11-06','0','0'),
('136','13','2020-11-06','0','0'),
('137','14','2020-11-06','0','0'),
('138','15','2020-11-06','0','0'),
('139','16','2020-11-06','0','0'),
('140','19','2020-11-06','0','0');
INSERT INTO t_mutation VALUES
('141','4','2020-11-07','0','0'),
('142','5','2020-11-07','0','0'),
('143','6','2020-11-07','2','2'),
('144','7','2020-11-07','0','0'),
('145','8','2020-11-07','0','0'),
('146','9','2020-11-07','0','0'),
('147','10','2020-11-07','0','2'),
('148','11','2020-11-07','0','3'),
('149','12','2020-11-07','0','2'),
('150','13','2020-11-07','0','1'),
('151','14','2020-11-07','0','0'),
('152','15','2020-11-07','0','3'),
('153','16','2020-11-07','0','0'),
('154','19','2020-11-07','0','0'),
('155','20','2020-11-07','5','0'),
('156','21','2020-11-07','10','0'),
('157','22','2020-11-07','30','0'),
('158','6','2020-11-14','0','0'),
('159','7','2020-11-14','0','0'),
('160','8','2020-11-14','0','0'),
('161','9','2020-11-14','0','0'),
('162','10','2020-11-14','0','0'),
('163','11','2020-11-14','0','0'),
('164','12','2020-11-14','0','0'),
('165','13','2020-11-14','0','0'),
('166','14','2020-11-14','0','0'),
('167','15','2020-11-14','0','0'),
('168','16','2020-11-14','0','0'),
('169','19','2020-11-14','0','0'),
('170','20','2020-11-14','0','0'),
('171','21','2020-11-14','0','0'),
('172','22','2020-11-14','0','0'),
('173','6','2020-11-15','0','0'),
('174','7','2020-11-15','0','0'),
('175','8','2020-11-15','0','0'),
('176','9','2020-11-15','0','0'),
('177','10','2020-11-15','0','0'),
('178','11','2020-11-15','0','0'),
('179','12','2020-11-15','0','0'),
('180','13','2020-11-15','0','0'),
('181','14','2020-11-15','0','0'),
('182','15','2020-11-15','0','0'),
('183','16','2020-11-15','0','0'),
('184','19','2020-11-15','0','0'),
('185','20','2020-11-15','0','0'),
('186','21','2020-11-15','0','0'),
('187','22','2020-11-15','0','0'),
('188','6','2020-11-23','1','0'),
('189','7','2020-11-23','0','0'),
('190','8','2020-11-23','0','0'),
('191','9','2020-11-23','0','0'),
('192','10','2020-11-23','0','0'),
('193','11','2020-11-23','0','0'),
('194','12','2020-11-23','0','0'),
('195','13','2020-11-23','0','0'),
('196','14','2020-11-23','0','0'),
('197','15','2020-11-23','0','0'),
('198','16','2020-11-23','0','0'),
('199','19','2020-11-23','0','0'),
('200','20','2020-11-23','0','0'),
('201','21','2020-11-23','0','0'),
('202','22','2020-11-23','0','0'),
('203','23','2020-11-23','0','0'),
('204','6','2020-11-24','0','2'),
('205','7','2020-11-24','0','4'),
('206','8','2020-11-24','0','0'),
('207','10','2020-11-24','0','0'),
('208','11','2020-11-24','0','0'),
('209','12','2020-11-24','0','0'),
('210','13','2020-11-24','0','0'),
('211','14','2020-11-24','0','0'),
('212','15','2020-11-24','0','0'),
('213','16','2020-11-24','0','3'),
('214','19','2020-11-24','0','0'),
('215','20','2020-11-24','0','0'),
('216','21','2020-11-24','0','0'),
('217','22','2020-11-24','0','1'),
('218','23','2020-11-24','0','0'),
('219','6','2020-11-26','0','0'),
('220','7','2020-11-26','0','0'),
('221','8','2020-11-26','0','0'),
('222','10','2020-11-26','0','0'),
('223','11','2020-11-26','0','0'),
('224','12','2020-11-26','0','0'),
('225','13','2020-11-26','0','0'),
('226','14','2020-11-26','0','0'),
('227','15','2020-11-26','0','0'),
('228','16','2020-11-26','0','0'),
('229','19','2020-11-26','0','0'),
('230','20','2020-11-26','0','0'),
('231','21','2020-11-26','0','0'),
('232','22','2020-11-26','0','0'),
('233','23','2020-11-26','0','0'),
('234','6','2020-11-27','0','0'),
('235','7','2020-11-27','0','0'),
('236','8','2020-11-27','0','0'),
('237','10','2020-11-27','0','0'),
('238','11','2020-11-27','0','0'),
('239','12','2020-11-27','0','0'),
('240','13','2020-11-27','0','0');
INSERT INTO t_mutation VALUES
('241','14','2020-11-27','0','0'),
('242','15','2020-11-27','0','0'),
('243','16','2020-11-27','0','0'),
('244','19','2020-11-27','0','0'),
('245','20','2020-11-27','0','0'),
('246','21','2020-11-27','0','0'),
('247','22','2020-11-27','0','0'),
('248','23','2020-11-27','0','0'),
('249','6','2020-11-27','0','0'),
('250','7','2020-11-27','0','0'),
('251','8','2020-11-27','0','0'),
('252','10','2020-11-27','0','0'),
('253','11','2020-11-27','0','0'),
('254','12','2020-11-27','0','0'),
('255','13','2020-11-27','0','0'),
('256','14','2020-11-27','0','0'),
('257','15','2020-11-27','0','0'),
('258','16','2020-11-27','0','0'),
('259','19','2020-11-27','0','0'),
('260','20','2020-11-27','0','0'),
('261','21','2020-11-27','0','0'),
('262','22','2020-11-27','0','0'),
('263','23','2020-11-27','0','0'),
('264','6','2020-11-30','0','10'),
('265','7','2020-11-30','0','7'),
('266','8','2020-11-30','0','1'),
('267','10','2020-11-30','0','20'),
('268','11','2020-11-30','0','6'),
('269','12','2020-11-30','0','0'),
('270','13','2020-11-30','0','0'),
('271','14','2020-11-30','0','1'),
('272','15','2020-11-30','0','0'),
('273','16','2020-11-30','0','2'),
('274','19','2020-11-30','0','0'),
('275','20','2020-11-30','0','2'),
('276','21','2020-11-30','0','1'),
('277','22','2020-11-30','0','2'),
('278','23','2020-11-30','0','0'),
('279','6','2020-11-30','0','10'),
('280','7','2020-11-30','0','7'),
('281','8','2020-11-30','0','1'),
('282','10','2020-11-30','0','20'),
('283','11','2020-11-30','0','6'),
('284','12','2020-11-30','0','0'),
('285','13','2020-11-30','0','0'),
('286','14','2020-11-30','0','1'),
('287','15','2020-11-30','0','0'),
('288','16','2020-11-30','0','2'),
('289','19','2020-11-30','0','0'),
('290','20','2020-11-30','0','2'),
('291','21','2020-11-30','0','1'),
('292','22','2020-11-30','0','2'),
('293','23','2020-11-30','0','0'),
('294','24','2020-11-30','1','1'),
('295','6','2020-12-01','0','0'),
('296','7','2020-12-01','0','0'),
('297','8','2020-12-01','0','0'),
('298','10','2020-12-01','0','1'),
('299','11','2020-12-01','0','0'),
('300','12','2020-12-01','0','0'),
('301','13','2020-12-01','0','0'),
('302','14','2020-12-01','0','0'),
('303','15','2020-12-01','0','1'),
('304','16','2020-12-01','0','1'),
('305','19','2020-12-01','0','0'),
('306','20','2020-12-01','0','0'),
('307','21','2020-12-01','0','0'),
('308','22','2020-12-01','0','0'),
('309','23','2020-12-01','0','0'),
('310','6','2020-12-01','0','0'),
('311','7','2020-12-01','0','0'),
('312','8','2020-12-01','0','0'),
('313','10','2020-12-01','0','1'),
('314','11','2020-12-01','0','0'),
('315','12','2020-12-01','0','0'),
('316','13','2020-12-01','0','0'),
('317','14','2020-12-01','0','0'),
('318','15','2020-12-01','0','1'),
('319','16','2020-12-01','0','1'),
('320','19','2020-12-01','0','0'),
('321','20','2020-12-01','0','0'),
('322','21','2020-12-01','0','0'),
('323','22','2020-12-01','0','0'),
('324','23','2020-12-01','0','0'),
('325','24','2020-12-01','0','0'),
('326','25','2020-12-01','6','1'),
('327','6','2020-12-11','0','0'),
('328','7','2020-12-11','0','0'),
('329','8','2020-12-11','0','0'),
('330','10','2020-12-11','0','0'),
('331','11','2020-12-11','0','0'),
('332','12','2020-12-11','0','0'),
('333','13','2020-12-11','0','0'),
('334','14','2020-12-11','0','0'),
('335','15','2020-12-11','0','0'),
('336','16','2020-12-11','0','0'),
('337','19','2020-12-11','0','0'),
('338','20','2020-12-11','0','0'),
('339','21','2020-12-11','0','0'),
('340','22','2020-12-11','0','0');
INSERT INTO t_mutation VALUES
('341','23','2020-12-11','0','0'),
('342','6','2020-12-11','0','0'),
('343','7','2020-12-11','0','0'),
('344','8','2020-12-11','0','0'),
('345','10','2020-12-11','0','0'),
('346','11','2020-12-11','0','0'),
('347','12','2020-12-11','0','0'),
('348','13','2020-12-11','0','0'),
('349','14','2020-12-11','0','0'),
('350','15','2020-12-11','0','0'),
('351','16','2020-12-11','0','0'),
('352','19','2020-12-11','0','0'),
('353','20','2020-12-11','0','0'),
('354','21','2020-12-11','0','0'),
('355','22','2020-12-11','0','0'),
('356','23','2020-12-11','0','0'),
('357','24','2020-12-11','0','0'),
('358','25','2020-12-11','0','0'),
('359','6','2020-12-11','0','0'),
('360','7','2020-12-11','0','0'),
('361','8','2020-12-11','0','0'),
('362','10','2020-12-11','0','0'),
('363','11','2020-12-11','0','0'),
('364','12','2020-12-11','0','0'),
('365','13','2020-12-11','0','0'),
('366','14','2020-12-11','0','0'),
('367','15','2020-12-11','0','0'),
('368','16','2020-12-11','0','0'),
('369','19','2020-12-11','0','0'),
('370','20','2020-12-11','0','0'),
('371','21','2020-12-11','0','0'),
('372','22','2020-12-11','0','0'),
('373','23','2020-12-11','0','0'),
('374','6','2020-12-11','0','0'),
('375','7','2020-12-11','0','0'),
('376','8','2020-12-11','0','0'),
('377','10','2020-12-11','0','0'),
('378','11','2020-12-11','0','0'),
('379','12','2020-12-11','0','0'),
('380','13','2020-12-11','0','0'),
('381','14','2020-12-11','0','0'),
('382','15','2020-12-11','0','0'),
('383','16','2020-12-11','0','0'),
('384','19','2020-12-11','0','0'),
('385','20','2020-12-11','0','0'),
('386','21','2020-12-11','0','0'),
('387','22','2020-12-11','0','0'),
('388','23','2020-12-11','0','0'),
('389','24','2020-12-11','0','0'),
('390','25','2020-12-11','0','0'),
('391','6','2020-12-13','0','0'),
('392','7','2020-12-13','0','0'),
('393','8','2020-12-13','0','0'),
('394','10','2020-12-13','0','0'),
('395','11','2020-12-13','0','0'),
('396','12','2020-12-13','0','0'),
('397','13','2020-12-13','0','0'),
('398','14','2020-12-13','0','0'),
('399','15','2020-12-13','0','0'),
('400','16','2020-12-13','0','0'),
('401','19','2020-12-13','0','0'),
('402','20','2020-12-13','0','0'),
('403','21','2020-12-13','0','0'),
('404','22','2020-12-13','0','0'),
('405','23','2020-12-13','0','0'),
('406','6','2020-12-13','0','0'),
('407','7','2020-12-13','0','0'),
('408','8','2020-12-13','0','0'),
('409','10','2020-12-13','0','0'),
('410','11','2020-12-13','0','0'),
('411','12','2020-12-13','0','0'),
('412','13','2020-12-13','0','0'),
('413','14','2020-12-13','0','0'),
('414','15','2020-12-13','0','0'),
('415','16','2020-12-13','0','0'),
('416','19','2020-12-13','0','0'),
('417','20','2020-12-13','0','0'),
('418','21','2020-12-13','0','0'),
('419','22','2020-12-13','0','0'),
('420','23','2020-12-13','0','0'),
('421','24','2020-12-13','0','0'),
('422','25','2020-12-13','0','0'),
('423','6','2020-12-13','0','0'),
('424','7','2020-12-13','0','0'),
('425','8','2020-12-13','0','0'),
('426','10','2020-12-13','0','0'),
('427','11','2020-12-13','0','0'),
('428','12','2020-12-13','0','0'),
('429','13','2020-12-13','0','0'),
('430','14','2020-12-13','0','0'),
('431','15','2020-12-13','0','0'),
('432','16','2020-12-13','0','0'),
('433','19','2020-12-13','0','0'),
('434','20','2020-12-13','0','0'),
('435','21','2020-12-13','0','0'),
('436','22','2020-12-13','0','0'),
('437','23','2020-12-13','0','0'),
('438','6','2020-12-13','0','0'),
('439','7','2020-12-13','0','0'),
('440','8','2020-12-13','0','0');
INSERT INTO t_mutation VALUES
('441','10','2020-12-13','0','0'),
('442','11','2020-12-13','0','0'),
('443','12','2020-12-13','0','0'),
('444','13','2020-12-13','0','0'),
('445','14','2020-12-13','0','0'),
('446','15','2020-12-13','0','0'),
('447','16','2020-12-13','0','0'),
('448','19','2020-12-13','0','0'),
('449','20','2020-12-13','0','0'),
('450','21','2020-12-13','0','0'),
('451','22','2020-12-13','0','0'),
('452','23','2020-12-13','0','0'),
('453','24','2020-12-13','0','0'),
('454','25','2020-12-13','0','0'),
('455','6','2020-12-14','0','0'),
('456','7','2020-12-14','0','0'),
('457','8','2020-12-14','0','0'),
('458','10','2020-12-14','0','0'),
('459','11','2020-12-14','0','0'),
('460','12','2020-12-14','0','0'),
('461','13','2020-12-14','0','0'),
('462','14','2020-12-14','0','0'),
('463','15','2020-12-14','0','0'),
('464','16','2020-12-14','0','0'),
('465','19','2020-12-14','0','0'),
('466','20','2020-12-14','0','0'),
('467','21','2020-12-14','0','0'),
('468','22','2020-12-14','0','0'),
('469','23','2020-12-14','0','0'),
('470','6','2020-12-14','0','0'),
('471','7','2020-12-14','0','0'),
('472','8','2020-12-14','0','0'),
('473','10','2020-12-14','0','0'),
('474','11','2020-12-14','0','0'),
('475','12','2020-12-14','0','0'),
('476','13','2020-12-14','0','0'),
('477','14','2020-12-14','0','0'),
('478','15','2020-12-14','0','0'),
('479','16','2020-12-14','0','0'),
('480','19','2020-12-14','0','0'),
('481','20','2020-12-14','0','0'),
('482','21','2020-12-14','0','0'),
('483','22','2020-12-14','0','0'),
('484','23','2020-12-14','0','0'),
('485','24','2020-12-14','0','0'),
('486','25','2020-12-14','0','0'),
('487','6','2020-12-14','0','0'),
('488','7','2020-12-14','0','0'),
('489','8','2020-12-14','0','0'),
('490','10','2020-12-14','0','0'),
('491','11','2020-12-14','0','0'),
('492','12','2020-12-14','0','0'),
('493','13','2020-12-14','0','0'),
('494','14','2020-12-14','0','0'),
('495','15','2020-12-14','0','0'),
('496','16','2020-12-14','0','0'),
('497','19','2020-12-14','0','0'),
('498','20','2020-12-14','0','0'),
('499','21','2020-12-14','0','0'),
('500','22','2020-12-14','0','0'),
('501','23','2020-12-14','0','0'),
('502','6','2020-12-14','0','0'),
('503','7','2020-12-14','0','0'),
('504','8','2020-12-14','0','0'),
('505','10','2020-12-14','0','0'),
('506','11','2020-12-14','0','0'),
('507','12','2020-12-14','0','0'),
('508','13','2020-12-14','0','0'),
('509','14','2020-12-14','0','0'),
('510','15','2020-12-14','0','0'),
('511','16','2020-12-14','0','0'),
('512','19','2020-12-14','0','0'),
('513','20','2020-12-14','0','0'),
('514','21','2020-12-14','0','0'),
('515','22','2020-12-14','0','0'),
('516','23','2020-12-14','0','0'),
('517','24','2020-12-14','0','0'),
('518','25','2020-12-14','0','0'),
('519','26','2020-12-14','3','0'),
('520','27','2020-12-14','3','0'),
('521','6','2020-12-16','0','0'),
('522','7','2020-12-16','0','0'),
('523','8','2020-12-16','0','0'),
('524','10','2020-12-16','0','0'),
('525','11','2020-12-16','0','0'),
('526','12','2020-12-16','0','0'),
('527','13','2020-12-16','0','0'),
('528','14','2020-12-16','0','0'),
('529','15','2020-12-16','0','0'),
('530','16','2020-12-16','0','0'),
('531','19','2020-12-16','0','0'),
('532','20','2020-12-16','0','0'),
('533','21','2020-12-16','0','0'),
('534','22','2020-12-16','0','0'),
('535','23','2020-12-16','0','0'),
('536','6','2020-12-16','0','0'),
('537','7','2020-12-16','0','0'),
('538','8','2020-12-16','0','0'),
('539','10','2020-12-16','0','0'),
('540','11','2020-12-16','0','0');
INSERT INTO t_mutation VALUES
('541','12','2020-12-16','0','0'),
('542','13','2020-12-16','0','0'),
('543','14','2020-12-16','0','0'),
('544','15','2020-12-16','0','0'),
('545','16','2020-12-16','0','0'),
('546','19','2020-12-16','0','0'),
('547','20','2020-12-16','0','0'),
('548','21','2020-12-16','0','0'),
('549','22','2020-12-16','0','0'),
('550','23','2020-12-16','0','0'),
('551','24','2020-12-16','0','0'),
('552','25','2020-12-16','0','0'),
('553','6','2020-12-16','0','0'),
('554','7','2020-12-16','0','0'),
('555','8','2020-12-16','0','0'),
('556','10','2020-12-16','0','0'),
('557','11','2020-12-16','0','0'),
('558','12','2020-12-16','0','0'),
('559','13','2020-12-16','0','0'),
('560','14','2020-12-16','0','0'),
('561','15','2020-12-16','0','0'),
('562','16','2020-12-16','0','0'),
('563','19','2020-12-16','0','0'),
('564','20','2020-12-16','0','0'),
('565','21','2020-12-16','0','0'),
('566','22','2020-12-16','0','0'),
('567','23','2020-12-16','0','0'),
('568','6','2020-12-16','0','0'),
('569','7','2020-12-16','0','0'),
('570','8','2020-12-16','0','0'),
('571','10','2020-12-16','0','0'),
('572','11','2020-12-16','0','0'),
('573','12','2020-12-16','0','0'),
('574','13','2020-12-16','0','0'),
('575','14','2020-12-16','0','0'),
('576','15','2020-12-16','0','0'),
('577','16','2020-12-16','0','0'),
('578','19','2020-12-16','0','0'),
('579','20','2020-12-16','0','0'),
('580','21','2020-12-16','0','0'),
('581','22','2020-12-16','0','0'),
('582','23','2020-12-16','0','0'),
('583','24','2020-12-16','0','0'),
('584','25','2020-12-16','0','0'),
('585','26','2020-12-16','3','0'),
('586','27','2020-12-16','0','0'),
('587','28','2020-12-16','20','0'),
('588','6','2020-12-17','0','2'),
('589','7','2020-12-17','0','0'),
('590','8','2020-12-17','0','0'),
('591','10','2020-12-17','0','0'),
('592','11','2020-12-17','0','0'),
('593','12','2020-12-17','0','0'),
('594','13','2020-12-17','0','0'),
('595','14','2020-12-17','0','0'),
('596','15','2020-12-17','0','0'),
('597','16','2020-12-17','0','0'),
('598','19','2020-12-17','0','0'),
('599','20','2020-12-17','0','0'),
('600','21','2020-12-17','0','0'),
('601','22','2020-12-17','0','0'),
('602','23','2020-12-17','0','0'),
('603','6','2020-12-17','0','2'),
('604','7','2020-12-17','0','0'),
('605','8','2020-12-17','0','0'),
('606','10','2020-12-17','0','0'),
('607','11','2020-12-17','0','0'),
('608','12','2020-12-17','0','0'),
('609','13','2020-12-17','0','0'),
('610','14','2020-12-17','0','0'),
('611','15','2020-12-17','0','0'),
('612','16','2020-12-17','0','0'),
('613','19','2020-12-17','0','0'),
('614','20','2020-12-17','0','0'),
('615','21','2020-12-17','0','0'),
('616','22','2020-12-17','0','0'),
('617','23','2020-12-17','0','0'),
('618','24','2020-12-17','0','0'),
('619','25','2020-12-17','0','1'),
('620','6','2020-12-17','0','2'),
('621','7','2020-12-17','0','0'),
('622','8','2020-12-17','0','0'),
('623','10','2020-12-17','0','0'),
('624','11','2020-12-17','0','0'),
('625','12','2020-12-17','0','0'),
('626','13','2020-12-17','0','0'),
('627','14','2020-12-17','0','0'),
('628','15','2020-12-17','0','0'),
('629','16','2020-12-17','0','0'),
('630','19','2020-12-17','0','0'),
('631','20','2020-12-17','0','0'),
('632','21','2020-12-17','0','0'),
('633','22','2020-12-17','0','0'),
('634','23','2020-12-17','0','0'),
('635','6','2020-12-17','0','2'),
('636','7','2020-12-17','0','0'),
('637','8','2020-12-17','0','0'),
('638','10','2020-12-17','0','0'),
('639','11','2020-12-17','0','0'),
('640','12','2020-12-17','0','0');
INSERT INTO t_mutation VALUES
('641','13','2020-12-17','0','0'),
('642','14','2020-12-17','0','0'),
('643','15','2020-12-17','0','0'),
('644','16','2020-12-17','0','0'),
('645','19','2020-12-17','0','0'),
('646','20','2020-12-17','0','0'),
('647','21','2020-12-17','0','0'),
('648','22','2020-12-17','0','0'),
('649','23','2020-12-17','0','0'),
('650','24','2020-12-17','0','0'),
('651','25','2020-12-17','0','1'),
('652','26','2020-12-17','0','7'),
('653','27','2020-12-17','0','2'),
('654','28','2020-12-17','0','0'),
('655','6','2020-12-18','0','0'),
('656','7','2020-12-18','0','0'),
('657','8','2020-12-18','0','0'),
('658','10','2020-12-18','0','0'),
('659','11','2020-12-18','0','0'),
('660','12','2020-12-18','0','0'),
('661','13','2020-12-18','0','0'),
('662','14','2020-12-18','0','0'),
('663','15','2020-12-18','0','0'),
('664','16','2020-12-18','0','0'),
('665','19','2020-12-18','0','0'),
('666','20','2020-12-18','0','0'),
('667','21','2020-12-18','0','0'),
('668','22','2020-12-18','0','0'),
('669','23','2020-12-18','0','0'),
('670','6','2020-12-18','0','0'),
('671','7','2020-12-18','0','0'),
('672','8','2020-12-18','0','0'),
('673','10','2020-12-18','0','0'),
('674','11','2020-12-18','0','0'),
('675','12','2020-12-18','0','0'),
('676','13','2020-12-18','0','0'),
('677','14','2020-12-18','0','0'),
('678','15','2020-12-18','0','0'),
('679','16','2020-12-18','0','0'),
('680','19','2020-12-18','0','0'),
('681','20','2020-12-18','0','0'),
('682','21','2020-12-18','0','0'),
('683','22','2020-12-18','0','0'),
('684','23','2020-12-18','0','0'),
('685','24','2020-12-18','0','0'),
('686','25','2020-12-18','0','3'),
('687','6','2020-12-18','0','0'),
('688','7','2020-12-18','0','0'),
('689','8','2020-12-18','0','0'),
('690','10','2020-12-18','0','0'),
('691','11','2020-12-18','0','0'),
('692','12','2020-12-18','0','0'),
('693','13','2020-12-18','0','0'),
('694','14','2020-12-18','0','0'),
('695','15','2020-12-18','0','0'),
('696','16','2020-12-18','0','0'),
('697','19','2020-12-18','0','0'),
('698','20','2020-12-18','0','0'),
('699','21','2020-12-18','0','0'),
('700','22','2020-12-18','0','0'),
('701','23','2020-12-18','0','0'),
('702','6','2020-12-18','0','0'),
('703','7','2020-12-18','0','0'),
('704','8','2020-12-18','0','0'),
('705','10','2020-12-18','0','0'),
('706','11','2020-12-18','0','0'),
('707','12','2020-12-18','0','0'),
('708','13','2020-12-18','0','0'),
('709','14','2020-12-18','0','0'),
('710','15','2020-12-18','0','0'),
('711','16','2020-12-18','0','0'),
('712','19','2020-12-18','0','0'),
('713','20','2020-12-18','0','0'),
('714','21','2020-12-18','0','0'),
('715','22','2020-12-18','0','0'),
('716','23','2020-12-18','0','0'),
('717','24','2020-12-18','0','0'),
('718','25','2020-12-18','0','3'),
('719','26','2020-12-18','0','0'),
('720','27','2020-12-18','0','1'),
('721','28','2020-12-18','0','0');




DROP TABLE IF EXISTS `t_selling`;CREATE TABLE `t_selling` (
  `id` int(11) NOT NULL AUTO_INCREMENT,
  `user_id` int(11) DEFAULT NULL,
  `drug_id` int(11) DEFAULT NULL,
  `transaction_number` char(14) DEFAULT NULL,
  `quantity` smallint(6) DEFAULT NULL,
  `price` int(11) DEFAULT NULL,
  `total_price` int(11) DEFAULT NULL,
  `selling_time` time DEFAULT NULL,
  `selling_date` date DEFAULT NULL,
  PRIMARY KEY (`id`)
) ENGINE=InnoDB AUTO_INCREMENT=106 DEFAULT CHARSET=utf8mb4;


INSERT INTO t_selling VALUES
('7','1','3','','2','16000','32000','16:44:32','2020-10-28'),
('8','1','4','','1','16000','16000','16:44:32','2020-10-28'),
('9','1','4','','3','16000','48000','16:25:38','2020-10-31'),
('10','1','8','','2','3000','6000','20:23:20','2020-11-02'),
('11','1','9','','1','35000','35000','20:23:20','2020-11-02'),
('12','1','8','','2','3000','6000','20:25:08','2020-11-02'),
('13','1','5','','1','15000','15000','02:34:14','2020-11-04'),
('14','1','12','','3','30000','90000','02:34:14','2020-11-04'),
('15','1','4','','3','22000','66000','02:50:28','2020-11-04'),
('16','1','6','','3','7000','21000','03:27:01','2020-11-04'),
('17','1','13','','1','30000','30000','03:27:45','2020-11-04'),
('18','1','10','','2','12000','24000','03:28:26','2020-11-04'),
('19','1','9','','1','35000','35000','03:28:43','2020-11-04'),
('20','1','10','','1','12000','12000','19:25:18','2020-11-07'),
('21','1','10','','1','12000','12000','19:25:18','2020-11-07'),
('22','1','12','','2','30000','60000','19:26:33','2020-11-07'),
('23','1','13','','1','30000','30000','19:26:33','2020-11-07'),
('24','1','11','','1','35000','35000','19:26:54','2020-11-07'),
('25','1','11','','1','35000','35000','19:26:54','2020-11-07'),
('26','1','11','','1','35000','35000','19:26:55','2020-11-07'),
('27','1','6','','2','7000','14000','20:18:01','2020-11-07'),
('28','1','15','','3','16000','48000','20:18:01','2020-11-07'),
('29','1','6','','1','7000','7000','07:55:54','2020-11-24'),
('30','1','6','','1','7000','7000','07:59:30','2020-11-24'),
('31','1','7','','3','8000','24000','08:00:46','2020-11-24'),
('32','1','7','','1','8000','8000','08:01:26','2020-11-24'),
('33','1','16','','3','12000','36000','17:20:55','2020-11-24'),
('34','1','22','','1','50000','50000','20:37:07','2020-11-24'),
('35','1','8','','1','3000','3000','16:56:08','2020-11-30'),
('36','1','6','','1','7000','7000','17:55:41','2020-11-30'),
('37','1','6','','1','7000','7000','17:56:03','2020-11-30'),
('38','1','6','','1','7000','7000','17:57:04','2020-11-30'),
('39','1','6','','1','7000','7000','18:00:46','2020-11-30'),
('40','1','6','','1','7000','7000','18:01:00','2020-11-30'),
('41','1','6','','1','7000','7000','18:01:24','2020-11-30'),
('42','1','6','','1','7000','7000','18:01:48','2020-11-30'),
('43','1','6','','1','7000','7000','18:01:57','2020-11-30'),
('44','1','6','','1','7000','7000','18:02:35','2020-11-30'),
('45','1','6','','1','7000','7000','18:03:13','2020-11-30'),
('46','1','7','','1','8000','8000','18:04:09','2020-11-30'),
('47','1','7','','1','8000','8000','18:05:47','2020-11-30'),
('48','1','7','','1','8000','8000','18:06:26','2020-11-30'),
('49','1','7','','1','8000','8000','18:56:02','2020-11-30'),
('50','1','7','','1','8000','8000','18:56:40','2020-11-30'),
('51','1','7','','1','8000','8000','18:58:11','2020-11-30'),
('52','1','7','','1','8000','8000','18:58:51','2020-11-30'),
('53','1','10','','1','12000','12000','18:59:16','2020-11-30'),
('54','1','10','','1','12000','12000','18:59:47','2020-11-30'),
('55','1','11','','1','35000','35000','18:59:47','2020-11-30'),
('56','1','10','','1','12000','12000','19:01:01','2020-11-30'),
('57','1','10','','1','12000','12000','19:01:28','2020-11-30'),
('58','1','10','','1','12000','12000','19:04:11','2020-11-30'),
('59','1','11','','1','35000','35000','19:04:33','2020-11-30'),
('60','1','24','','1','11000','11000','19:06:28','2020-11-30'),
('61','1','10','','1','12000','12000','19:07:12','2020-11-30'),
('62','1','10','','1','12000','12000','19:07:40','2020-11-30'),
('63','1','10','','1','12000','12000','19:10:55','2020-11-30'),
('64','1','11','','1','35000','35000','19:11:47','2020-11-30'),
('65','1','10','','1','12000','12000','19:12:29','2020-11-30'),
('66','1','11','','1','35000','35000','19:13:09','2020-11-30'),
('67','1','11','','1','35000','35000','19:13:45','2020-11-30'),
('68','1','11','','1','35000','35000','19:14:40','2020-11-30'),
('69','1','10','','1','12000','12000','19:16:01','2020-11-30'),
('70','1','10','','1','12000','12000','19:17:14','2020-11-30'),
('71','1','14','','1','16000','16000','19:17:14','2020-11-30'),
('72','1','10','','1','12000','12000','19:18:11','2020-11-30'),
('73','1','16','','1','12000','12000','19:18:11','2020-11-30'),
('74','1','10','','1','12000','12000','19:18:11','2020-11-30'),
('75','1','16','','1','12000','12000','19:18:11','2020-11-30'),
('76','1','10','','1','12000','12000','19:18:52','2020-11-30'),
('77','1','21','','1','1000','1000','19:18:52','2020-11-30'),
('78','1','10','','1','12000','12000','19:19:34','2020-11-30'),
('79','1','20','','1','7000','7000','19:19:34','2020-11-30'),
('80','1','10','','1','12000','12000','19:20:50','2020-11-30'),
('81','1','20','','1','7000','7000','19:20:50','2020-11-30'),
('82','1','10','','1','12000','12000','19:21:45','2020-11-30'),
('83','1','22','','1','50000','50000','19:21:45','2020-11-30'),
('84','1','10','','1','12000','12000','19:22:31','2020-11-30'),
('85','1','22','','1','50000','50000','19:22:31','2020-11-30'),
('86','1','10','','1','12000','12000','23:19:58','2020-11-30'),
('87','1','10','','1','12000','12000','23:37:05','2020-11-30'),
('88','1','10','','1','12000','12000','12:09:14','2020-12-01'),
('89','1','15','','1','16000','16000','12:09:14','2020-12-01'),
('90','1','16','','1','12000','12000','12:33:47','2020-12-01'),
('91','1','25','','1','5000','5000','13:55:18','2020-12-01'),
('92','1','26','','1','6000','6000','00:02:49','2020-12-17'),
('93','1','26','20201201131212','1','6000','6000','01:19:23','2020-12-17'),
('94','1','26','2020121701:22:','1','6000','6000','01:22:53','2020-12-17'),
('95','1','26','20201217012320','1','6000','6000','01:23:20','2020-12-17'),
('96','1','6','','1','7000','7000','01:59:59','2020-12-17'),
('97','1','6','','1','7000','7000','02:00:16','2020-12-17'),
('98','1','26','','1','6000','6000','02:00:44','2020-12-17'),
('99','1','26','','1','6000','6000','02:00:45','2020-12-17'),
('100','1','26','','1','6000','6000','02:01:12','2020-12-17'),
('101','1','27','','1','600','600','02:03:20','2020-12-17'),
('102','1','25','','1','5000','5000','02:04:33','2020-12-17'),
('103','1','27','20201217020452','1','600','600','02:04:52','2020-12-17'),
('104','1','25','20201218060740','3','5000','15000','06:07:40','2020-12-18'),
('105','1','27','20201218060740','1','600','600','06:07:40','2020-12-18');




DROP TABLE IF EXISTS `t_stock`;CREATE TABLE `t_stock` (
  `id` int(11) NOT NULL AUTO_INCREMENT,
  `drug_id` int(11) DEFAULT NULL,
  `stock` smallint(6) DEFAULT NULL,
  `stock_date` date DEFAULT NULL,
  PRIMARY KEY (`id`)
) ENGINE=InnoDB AUTO_INCREMENT=767 DEFAULT CHARSET=utf8mb4;


INSERT INTO t_stock VALUES
('3','3','3','2020-10-28'),
('4','4','20','2020-10-28'),
('5','3','3','2020-10-29'),
('6','4','20','2020-10-29'),
('7','5','9','2020-10-29'),
('8','6','12','2020-10-29'),
('9','7','7','2020-10-29'),
('10','8','5','2020-10-29'),
('11','9','2','2020-10-29'),
('12','10','30','2020-10-29'),
('13','11','7','2020-10-29'),
('14','12','5','2020-10-29'),
('15','13','2','2020-10-29'),
('16','14','20','2020-10-29'),
('17','15','20','2020-10-29'),
('18','3','3','2020-10-30'),
('19','4','20','2020-10-30'),
('20','5','9','2020-10-30'),
('21','6','12','2020-10-30'),
('22','7','7','2020-10-30'),
('23','8','5','2020-10-30'),
('24','9','2','2020-10-30'),
('25','10','30','2020-10-30'),
('26','11','7','2020-10-30'),
('27','12','5','2020-10-30'),
('28','13','2','2020-10-30'),
('29','14','20','2020-10-30'),
('30','15','20','2020-10-30'),
('82','3','3','2020-10-31'),
('83','4','20','2020-10-31'),
('84','5','9','2020-10-31'),
('85','6','12','2020-10-31'),
('86','7','7','2020-10-31'),
('87','8','5','2020-10-31'),
('88','9','2','2020-10-31'),
('89','10','30','2020-10-31'),
('90','11','7','2020-10-31'),
('91','12','5','2020-10-31'),
('92','13','2','2020-10-31'),
('93','14','20','2020-10-31'),
('94','15','20','2020-10-31'),
('95','16','5','2020-10-31'),
('98','19','3','2020-10-31'),
('99','3','5','2020-11-01'),
('100','4','20','2020-11-01'),
('101','5','9','2020-11-01'),
('102','6','12','2020-11-01'),
('103','7','7','2020-11-01'),
('104','8','5','2020-11-01'),
('105','9','2','2020-11-01'),
('106','10','30','2020-11-01'),
('107','11','7','2020-11-01'),
('108','12','5','2020-11-01'),
('109','13','2','2020-11-01'),
('110','14','20','2020-11-01'),
('111','15','20','2020-11-01'),
('112','16','5','2020-11-01'),
('113','19','3','2020-11-01'),
('114','4','21','2020-11-02'),
('115','5','9','2020-11-02'),
('116','6','12','2020-11-02'),
('117','7','7','2020-11-02'),
('118','8','1','2020-11-02'),
('119','9','1','2020-11-02'),
('120','10','30','2020-11-02'),
('121','11','7','2020-11-02'),
('122','12','5','2020-11-02'),
('123','13','2','2020-11-02'),
('124','14','20','2020-11-02'),
('125','15','20','2020-11-02'),
('126','16','5','2020-11-02'),
('127','19','3','2020-11-02'),
('128','4','18','2020-11-04'),
('129','5','8','2020-11-04'),
('130','6','9','2020-11-04'),
('131','7','7','2020-11-04'),
('132','8','1','2020-11-04'),
('133','9','0','2020-11-04'),
('134','10','28','2020-11-04'),
('135','11','7','2020-11-04'),
('136','12','2','2020-11-04'),
('137','13','1','2020-11-04'),
('138','14','20','2020-11-04'),
('139','15','20','2020-11-04'),
('140','16','5','2020-11-04'),
('141','19','3','2020-11-04'),
('142','4','18','2020-11-06'),
('143','5','8','2020-11-06'),
('144','6','9','2020-11-06'),
('145','7','7','2020-11-06'),
('146','8','1','2020-11-06'),
('147','9','0','2020-11-06'),
('148','10','28','2020-11-06'),
('149','11','7','2020-11-06'),
('150','12','2','2020-11-06'),
('151','13','1','2020-11-06'),
('152','14','20','2020-11-06'),
('153','15','20','2020-11-06'),
('154','16','5','2020-11-06'),
('155','19','3','2020-11-06');
INSERT INTO t_stock VALUES
('156','4','18','2020-11-07'),
('157','5','8','2020-11-07'),
('158','6','9','2020-11-07'),
('159','7','7','2020-11-07'),
('160','8','1','2020-11-07'),
('161','9','0','2020-11-07'),
('162','10','27','2020-11-07'),
('163','11','6','2020-11-07'),
('164','12','0','2020-11-07'),
('165','13','0','2020-11-07'),
('166','14','20','2020-11-07'),
('167','15','17','2020-11-07'),
('168','16','5','2020-11-07'),
('169','19','3','2020-11-07'),
('170','20','5','2020-11-07'),
('171','21','10','2020-11-07'),
('172','22','30','2020-11-07'),
('173','6','9','2020-11-14'),
('174','7','7','2020-11-14'),
('175','8','1','2020-11-14'),
('176','9','0','2020-11-14'),
('177','10','27','2020-11-14'),
('178','11','6','2020-11-14'),
('179','12','0','2020-11-14'),
('180','13','0','2020-11-14'),
('181','14','20','2020-11-14'),
('182','15','17','2020-11-14'),
('183','16','5','2020-11-14'),
('184','19','3','2020-11-14'),
('185','20','5','2020-11-14'),
('186','21','10','2020-11-14'),
('187','22','30','2020-11-14'),
('188','6','9','2020-11-15'),
('189','7','7','2020-11-15'),
('190','8','1','2020-11-15'),
('191','9','0','2020-11-15'),
('192','10','27','2020-11-15'),
('193','11','6','2020-11-15'),
('194','12','0','2020-11-15'),
('195','13','0','2020-11-15'),
('196','14','20','2020-11-15'),
('197','15','17','2020-11-15'),
('198','16','5','2020-11-15'),
('199','19','3','2020-11-15'),
('200','20','5','2020-11-15'),
('201','21','10','2020-11-15'),
('202','22','30','2020-11-15'),
('203','6','10','2020-11-23'),
('204','7','7','2020-11-23'),
('205','8','1','2020-11-23'),
('206','9','0','2020-11-23'),
('207','10','27','2020-11-23'),
('208','11','6','2020-11-23'),
('209','12','0','2020-11-23'),
('210','13','0','2020-11-23'),
('211','14','20','2020-11-23'),
('212','15','17','2020-11-23'),
('213','16','5','2020-11-23'),
('214','19','3','2020-11-23'),
('215','20','5','2020-11-23'),
('216','21','10','2020-11-23'),
('217','22','30','2020-11-23'),
('218','23','0','2020-11-23'),
('249','6','10','2020-11-24'),
('250','7','7','2020-11-24'),
('251','8','1','2020-11-24'),
('252','10','27','2020-11-24'),
('253','11','6','2020-11-24'),
('254','12','0','2020-11-24'),
('255','13','0','2020-11-24'),
('256','14','20','2020-11-24'),
('257','15','17','2020-11-24'),
('258','16','2','2020-11-24'),
('259','19','3','2020-11-24'),
('260','20','5','2020-11-24'),
('261','21','10','2020-11-24'),
('262','22','29','2020-11-24'),
('263','23','0','2020-11-24'),
('264','6','10','2020-11-26'),
('265','7','7','2020-11-26'),
('266','8','1','2020-11-26'),
('267','10','27','2020-11-26'),
('268','11','6','2020-11-26'),
('269','12','0','2020-11-26'),
('270','13','0','2020-11-26'),
('271','14','20','2020-11-26'),
('272','15','17','2020-11-26'),
('273','16','2','2020-11-26'),
('274','19','3','2020-11-26'),
('275','20','5','2020-11-26'),
('276','21','10','2020-11-26'),
('277','22','29','2020-11-26'),
('278','23','0','2020-11-26'),
('279','6','10','2020-11-27'),
('280','7','7','2020-11-27'),
('281','8','1','2020-11-27'),
('282','10','27','2020-11-27'),
('283','11','6','2020-11-27'),
('284','12','0','2020-11-27'),
('285','13','0','2020-11-27');
INSERT INTO t_stock VALUES
('286','14','20','2020-11-27'),
('287','15','17','2020-11-27'),
('288','16','2','2020-11-27'),
('289','19','3','2020-11-27'),
('290','20','5','2020-11-27'),
('291','21','10','2020-11-27'),
('292','22','29','2020-11-27'),
('293','23','0','2020-11-27'),
('294','6','10','2020-11-27'),
('295','7','7','2020-11-27'),
('296','8','1','2020-11-27'),
('297','10','27','2020-11-27'),
('298','11','6','2020-11-27'),
('299','12','0','2020-11-27'),
('300','13','0','2020-11-27'),
('301','14','20','2020-11-27'),
('302','15','17','2020-11-27'),
('303','16','2','2020-11-27'),
('304','19','3','2020-11-27'),
('305','20','5','2020-11-27'),
('306','21','10','2020-11-27'),
('307','22','29','2020-11-27'),
('308','23','0','2020-11-27'),
('309','6','0','2020-11-30'),
('310','7','0','2020-11-30'),
('311','8','0','2020-11-30'),
('312','10','8','2020-11-30'),
('313','11','0','2020-11-30'),
('314','12','0','2020-11-30'),
('315','13','0','2020-11-30'),
('316','14','19','2020-11-30'),
('317','15','17','2020-11-30'),
('318','16','1','2020-11-30'),
('319','19','3','2020-11-30'),
('320','20','3','2020-11-30'),
('321','21','9','2020-11-30'),
('322','22','27','2020-11-30'),
('323','23','0','2020-11-30'),
('324','6','0','2020-11-30'),
('325','7','0','2020-11-30'),
('326','8','0','2020-11-30'),
('327','10','8','2020-11-30'),
('328','11','0','2020-11-30'),
('329','12','0','2020-11-30'),
('330','13','0','2020-11-30'),
('331','14','19','2020-11-30'),
('332','15','17','2020-11-30'),
('333','16','1','2020-11-30'),
('334','19','3','2020-11-30'),
('335','20','3','2020-11-30'),
('336','21','9','2020-11-30'),
('337','22','27','2020-11-30'),
('338','23','0','2020-11-30'),
('339','24','0','2020-11-30'),
('340','6','1','2020-12-01'),
('341','7','0','2020-12-01'),
('342','8','0','2020-12-01'),
('343','10','7','2020-12-01'),
('344','11','0','2020-12-01'),
('345','12','0','2020-12-01'),
('346','13','0','2020-12-01'),
('347','14','19','2020-12-01'),
('348','15','16','2020-12-01'),
('349','16','0','2020-12-01'),
('350','19','3','2020-12-01'),
('351','20','3','2020-12-01'),
('352','21','9','2020-12-01'),
('353','22','27','2020-12-01'),
('354','23','0','2020-12-01'),
('355','6','1','2020-12-01'),
('356','7','0','2020-12-01'),
('357','8','0','2020-12-01'),
('358','10','7','2020-12-01'),
('359','11','0','2020-12-01'),
('360','12','0','2020-12-01'),
('361','13','0','2020-12-01'),
('362','14','19','2020-12-01'),
('363','15','16','2020-12-01'),
('364','16','0','2020-12-01'),
('365','19','3','2020-12-01'),
('366','20','3','2020-12-01'),
('367','21','9','2020-12-01'),
('368','22','27','2020-12-01'),
('369','23','0','2020-12-01'),
('370','24','0','2020-12-01'),
('371','25','5','2020-12-01'),
('372','6','1','2020-12-11'),
('373','7','0','2020-12-11'),
('374','8','0','2020-12-11'),
('375','10','7','2020-12-11'),
('376','11','0','2020-12-11'),
('377','12','0','2020-12-11'),
('378','13','0','2020-12-11'),
('379','14','19','2020-12-11'),
('380','15','16','2020-12-11'),
('381','16','0','2020-12-11'),
('382','19','3','2020-12-11'),
('383','20','3','2020-12-11'),
('384','21','9','2020-12-11'),
('385','22','27','2020-12-11');
INSERT INTO t_stock VALUES
('386','23','0','2020-12-11'),
('387','6','1','2020-12-11'),
('388','7','0','2020-12-11'),
('389','8','0','2020-12-11'),
('390','10','7','2020-12-11'),
('391','11','0','2020-12-11'),
('392','12','0','2020-12-11'),
('393','13','0','2020-12-11'),
('394','14','19','2020-12-11'),
('395','15','16','2020-12-11'),
('396','16','0','2020-12-11'),
('397','19','3','2020-12-11'),
('398','20','3','2020-12-11'),
('399','21','9','2020-12-11'),
('400','22','27','2020-12-11'),
('401','23','0','2020-12-11'),
('402','24','0','2020-12-11'),
('403','25','5','2020-12-11'),
('404','6','1','2020-12-11'),
('405','7','0','2020-12-11'),
('406','8','0','2020-12-11'),
('407','10','7','2020-12-11'),
('408','11','0','2020-12-11'),
('409','12','0','2020-12-11'),
('410','13','0','2020-12-11'),
('411','14','19','2020-12-11'),
('412','15','16','2020-12-11'),
('413','16','0','2020-12-11'),
('414','19','3','2020-12-11'),
('415','20','3','2020-12-11'),
('416','21','9','2020-12-11'),
('417','22','27','2020-12-11'),
('418','23','0','2020-12-11'),
('419','6','1','2020-12-11'),
('420','7','0','2020-12-11'),
('421','8','0','2020-12-11'),
('422','10','7','2020-12-11'),
('423','11','0','2020-12-11'),
('424','12','0','2020-12-11'),
('425','13','0','2020-12-11'),
('426','14','19','2020-12-11'),
('427','15','16','2020-12-11'),
('428','16','0','2020-12-11'),
('429','19','3','2020-12-11'),
('430','20','3','2020-12-11'),
('431','21','9','2020-12-11'),
('432','22','27','2020-12-11'),
('433','23','0','2020-12-11'),
('434','24','0','2020-12-11'),
('435','25','5','2020-12-11'),
('436','6','1','2020-12-13'),
('437','7','0','2020-12-13'),
('438','8','0','2020-12-13'),
('439','10','7','2020-12-13'),
('440','11','0','2020-12-13'),
('441','12','0','2020-12-13'),
('442','13','0','2020-12-13'),
('443','14','19','2020-12-13'),
('444','15','16','2020-12-13'),
('445','16','0','2020-12-13'),
('446','19','3','2020-12-13'),
('447','20','3','2020-12-13'),
('448','21','9','2020-12-13'),
('449','22','27','2020-12-13'),
('450','23','0','2020-12-13'),
('451','6','1','2020-12-13'),
('452','7','0','2020-12-13'),
('453','8','0','2020-12-13'),
('454','10','7','2020-12-13'),
('455','11','0','2020-12-13'),
('456','12','0','2020-12-13'),
('457','13','0','2020-12-13'),
('458','14','19','2020-12-13'),
('459','15','16','2020-12-13'),
('460','16','0','2020-12-13'),
('461','19','3','2020-12-13'),
('462','20','3','2020-12-13'),
('463','21','9','2020-12-13'),
('464','22','27','2020-12-13'),
('465','23','0','2020-12-13'),
('466','24','0','2020-12-13'),
('467','25','5','2020-12-13'),
('468','6','1','2020-12-13'),
('469','7','0','2020-12-13'),
('470','8','0','2020-12-13'),
('471','10','7','2020-12-13'),
('472','11','0','2020-12-13'),
('473','12','0','2020-12-13'),
('474','13','0','2020-12-13'),
('475','14','19','2020-12-13'),
('476','15','16','2020-12-13'),
('477','16','0','2020-12-13'),
('478','19','3','2020-12-13'),
('479','20','3','2020-12-13'),
('480','21','9','2020-12-13'),
('481','22','27','2020-12-13'),
('482','23','0','2020-12-13'),
('483','6','1','2020-12-13'),
('484','7','0','2020-12-13'),
('485','8','0','2020-12-13');
INSERT INTO t_stock VALUES
('486','10','7','2020-12-13'),
('487','11','0','2020-12-13'),
('488','12','0','2020-12-13'),
('489','13','0','2020-12-13'),
('490','14','19','2020-12-13'),
('491','15','16','2020-12-13'),
('492','16','0','2020-12-13'),
('493','19','3','2020-12-13'),
('494','20','3','2020-12-13'),
('495','21','9','2020-12-13'),
('496','22','27','2020-12-13'),
('497','23','0','2020-12-13'),
('498','24','0','2020-12-13'),
('499','25','5','2020-12-13'),
('500','6','1','2020-12-14'),
('501','7','0','2020-12-14'),
('502','8','0','2020-12-14'),
('503','10','7','2020-12-14'),
('504','11','0','2020-12-14'),
('505','12','0','2020-12-14'),
('506','13','0','2020-12-14'),
('507','14','19','2020-12-14'),
('508','15','16','2020-12-14'),
('509','16','0','2020-12-14'),
('510','19','3','2020-12-14'),
('511','20','3','2020-12-14'),
('512','21','9','2020-12-14'),
('513','22','27','2020-12-14'),
('514','23','0','2020-12-14'),
('515','6','1','2020-12-14'),
('516','7','0','2020-12-14'),
('517','8','0','2020-12-14'),
('518','10','7','2020-12-14'),
('519','11','0','2020-12-14'),
('520','12','0','2020-12-14'),
('521','13','0','2020-12-14'),
('522','14','19','2020-12-14'),
('523','15','16','2020-12-14'),
('524','16','0','2020-12-14'),
('525','19','3','2020-12-14'),
('526','20','3','2020-12-14'),
('527','21','9','2020-12-14'),
('528','22','27','2020-12-14'),
('529','23','0','2020-12-14'),
('530','24','0','2020-12-14'),
('531','25','5','2020-12-14'),
('532','6','1','2020-12-14'),
('533','7','0','2020-12-14'),
('534','8','0','2020-12-14'),
('535','10','7','2020-12-14'),
('536','11','0','2020-12-14'),
('537','12','0','2020-12-14'),
('538','13','0','2020-12-14'),
('539','14','19','2020-12-14'),
('540','15','16','2020-12-14'),
('541','16','0','2020-12-14'),
('542','19','3','2020-12-14'),
('543','20','3','2020-12-14'),
('544','21','9','2020-12-14'),
('545','22','27','2020-12-14'),
('546','23','0','2020-12-14'),
('547','6','1','2020-12-14'),
('548','7','0','2020-12-14'),
('549','8','0','2020-12-14'),
('550','10','7','2020-12-14'),
('551','11','0','2020-12-14'),
('552','12','0','2020-12-14'),
('553','13','0','2020-12-14'),
('554','14','19','2020-12-14'),
('555','15','16','2020-12-14'),
('556','16','0','2020-12-14'),
('557','19','3','2020-12-14'),
('558','20','3','2020-12-14'),
('559','21','9','2020-12-14'),
('560','22','27','2020-12-14'),
('561','23','0','2020-12-14'),
('562','24','0','2020-12-14'),
('563','25','5','2020-12-14'),
('564','26','3','2020-12-14'),
('565','27','3','2020-12-14'),
('566','6','1','2020-12-16'),
('567','7','0','2020-12-16'),
('568','8','0','2020-12-16'),
('569','10','7','2020-12-16'),
('570','11','0','2020-12-16'),
('571','12','0','2020-12-16'),
('572','13','0','2020-12-16'),
('573','14','19','2020-12-16'),
('574','15','16','2020-12-16'),
('575','16','0','2020-12-16'),
('576','19','3','2020-12-16'),
('577','20','3','2020-12-16'),
('578','21','9','2020-12-16'),
('579','22','27','2020-12-16'),
('580','23','0','2020-12-16'),
('581','6','1','2020-12-16'),
('582','7','0','2020-12-16'),
('583','8','0','2020-12-16'),
('584','10','7','2020-12-16'),
('585','11','0','2020-12-16');
INSERT INTO t_stock VALUES
('586','12','0','2020-12-16'),
('587','13','0','2020-12-16'),
('588','14','19','2020-12-16'),
('589','15','16','2020-12-16'),
('590','16','0','2020-12-16'),
('591','19','3','2020-12-16'),
('592','20','3','2020-12-16'),
('593','21','9','2020-12-16'),
('594','22','27','2020-12-16'),
('595','23','0','2020-12-16'),
('596','24','0','2020-12-16'),
('597','25','5','2020-12-16'),
('598','6','1','2020-12-16'),
('599','7','0','2020-12-16'),
('600','8','0','2020-12-16'),
('601','10','7','2020-12-16'),
('602','11','0','2020-12-16'),
('603','12','0','2020-12-16'),
('604','13','0','2020-12-16'),
('605','14','19','2020-12-16'),
('606','15','16','2020-12-16'),
('607','16','0','2020-12-16'),
('608','19','3','2020-12-16'),
('609','20','3','2020-12-16'),
('610','21','9','2020-12-16'),
('611','22','27','2020-12-16'),
('612','23','0','2020-12-16'),
('613','6','1','2020-12-16'),
('614','7','0','2020-12-16'),
('615','8','0','2020-12-16'),
('616','10','7','2020-12-16'),
('617','11','0','2020-12-16'),
('618','12','0','2020-12-16'),
('619','13','0','2020-12-16'),
('620','14','19','2020-12-16'),
('621','15','16','2020-12-16'),
('622','16','0','2020-12-16'),
('623','19','3','2020-12-16'),
('624','20','3','2020-12-16'),
('625','21','9','2020-12-16'),
('626','22','27','2020-12-16'),
('627','23','0','2020-12-16'),
('628','24','0','2020-12-16'),
('629','25','5','2020-12-16'),
('630','26','6','2020-12-16'),
('631','27','3','2020-12-16'),
('632','28','20','2020-12-16'),
('633','6','0','2020-12-17'),
('634','7','0','2020-12-17'),
('635','8','0','2020-12-17'),
('636','10','7','2020-12-17'),
('637','11','0','2020-12-17'),
('638','12','0','2020-12-17'),
('639','13','0','2020-12-17'),
('640','14','19','2020-12-17'),
('641','15','16','2020-12-17'),
('642','16','0','2020-12-17'),
('643','19','3','2020-12-17'),
('644','20','3','2020-12-17'),
('645','21','9','2020-12-17'),
('646','22','27','2020-12-17'),
('647','23','0','2020-12-17'),
('648','6','0','2020-12-17'),
('649','7','0','2020-12-17'),
('650','8','0','2020-12-17'),
('651','10','7','2020-12-17'),
('652','11','0','2020-12-17'),
('653','12','0','2020-12-17'),
('654','13','0','2020-12-17'),
('655','14','19','2020-12-17'),
('656','15','16','2020-12-17'),
('657','16','0','2020-12-17'),
('658','19','3','2020-12-17'),
('659','20','3','2020-12-17'),
('660','21','9','2020-12-17'),
('661','22','27','2020-12-17'),
('662','23','0','2020-12-17'),
('663','24','0','2020-12-17'),
('664','25','4','2020-12-17'),
('665','6','0','2020-12-17'),
('666','7','0','2020-12-17'),
('667','8','0','2020-12-17'),
('668','10','7','2020-12-17'),
('669','11','0','2020-12-17'),
('670','12','0','2020-12-17'),
('671','13','0','2020-12-17'),
('672','14','19','2020-12-17'),
('673','15','16','2020-12-17'),
('674','16','0','2020-12-17'),
('675','19','3','2020-12-17'),
('676','20','3','2020-12-17'),
('677','21','9','2020-12-17'),
('678','22','27','2020-12-17'),
('679','23','0','2020-12-17'),
('680','6','0','2020-12-17'),
('681','7','0','2020-12-17'),
('682','8','0','2020-12-17'),
('683','10','7','2020-12-17'),
('684','11','0','2020-12-17'),
('685','12','0','2020-12-17');
INSERT INTO t_stock VALUES
('686','13','0','2020-12-17'),
('687','14','19','2020-12-17'),
('688','15','16','2020-12-17'),
('689','16','0','2020-12-17'),
('690','19','3','2020-12-17'),
('691','20','3','2020-12-17'),
('692','21','9','2020-12-17'),
('693','22','27','2020-12-17'),
('694','23','0','2020-12-17'),
('695','24','0','2020-12-17'),
('696','25','4','2020-12-17'),
('697','26','0','2020-12-17'),
('698','27','1','2020-12-17'),
('699','28','20','2020-12-17'),
('700','6','0','2020-12-18'),
('701','7','0','2020-12-18'),
('702','8','0','2020-12-18'),
('703','10','7','2020-12-18'),
('704','11','0','2020-12-18'),
('705','12','0','2020-12-18'),
('706','13','0','2020-12-18'),
('707','14','19','2020-12-18'),
('708','15','16','2020-12-18'),
('709','16','0','2020-12-18'),
('710','19','3','2020-12-18'),
('711','20','3','2020-12-18'),
('712','21','9','2020-12-18'),
('713','22','27','2020-12-18'),
('714','23','0','2020-12-18'),
('715','6','0','2020-12-18'),
('716','7','0','2020-12-18'),
('717','8','0','2020-12-18'),
('718','10','7','2020-12-18'),
('719','11','0','2020-12-18'),
('720','12','0','2020-12-18'),
('721','13','0','2020-12-18'),
('722','14','19','2020-12-18'),
('723','15','16','2020-12-18'),
('724','16','0','2020-12-18'),
('725','19','3','2020-12-18'),
('726','20','3','2020-12-18'),
('727','21','9','2020-12-18'),
('728','22','27','2020-12-18'),
('729','23','0','2020-12-18'),
('730','24','0','2020-12-18'),
('731','25','1','2020-12-18'),
('732','6','0','2020-12-18'),
('733','7','0','2020-12-18'),
('734','8','0','2020-12-18'),
('735','10','7','2020-12-18'),
('736','11','0','2020-12-18'),
('737','12','0','2020-12-18'),
('738','13','0','2020-12-18'),
('739','14','19','2020-12-18'),
('740','15','16','2020-12-18'),
('741','16','0','2020-12-18'),
('742','19','3','2020-12-18'),
('743','20','3','2020-12-18'),
('744','21','9','2020-12-18'),
('745','22','27','2020-12-18'),
('746','23','0','2020-12-18'),
('747','6','0','2020-12-18'),
('748','7','0','2020-12-18'),
('749','8','0','2020-12-18'),
('750','10','7','2020-12-18'),
('751','11','0','2020-12-18'),
('752','12','0','2020-12-18'),
('753','13','0','2020-12-18'),
('754','14','19','2020-12-18'),
('755','15','16','2020-12-18'),
('756','16','0','2020-12-18'),
('757','19','3','2020-12-18'),
('758','20','3','2020-12-18'),
('759','21','9','2020-12-18'),
('760','22','27','2020-12-18'),
('761','23','0','2020-12-18'),
('762','24','0','2020-12-18'),
('763','25','1','2020-12-18'),
('764','26','0','2020-12-18'),
('765','27','0','2020-12-18'),
('766','28','20','2020-12-18');




DROP TABLE IF EXISTS `t_update_data`;CREATE TABLE `t_update_data` (
  `id` int(11) NOT NULL AUTO_INCREMENT,
  `user_id` int(11) DEFAULT NULL,
  `drug_id` int(11) DEFAULT NULL,
  `drug_name` varchar(100) DEFAULT NULL,
  `purchase_price` int(11) DEFAULT NULL,
  `selling_price` int(11) DEFAULT NULL,
  `stock` smallint(6) DEFAULT NULL,
  `supply` smallint(6) DEFAULT NULL,
  `update_data_time` time DEFAULT NULL,
  `update_data_date` date DEFAULT NULL,
  `comment` set('PENAMBAHAN DATA','PENGHAPUSAN DATA','PERUBAHAN NAMA','PERUBAHAN HARGA BELI','PERUBAHAN HARGA JUAL','PERUBAHAN STOK','PENYUPLAIAN STOK') DEFAULT NULL,
  PRIMARY KEY (`id`)
) ENGINE=InnoDB AUTO_INCREMENT=65 DEFAULT CHARSET=utf8mb4;


INSERT INTO t_update_data VALUES
('3','1','3','','14900','16000','','','14:20:01','2020-10-31',''),
('4','1','4','','14900','16000','','','14:32:15','2020-10-31',''),
('5','1','5','','14000','15000','','','13:16:49','2020-10-31',''),
('6','1','6','','6000','7000','','','16:47:18','2020-10-31',''),
('7','1','7','','6000','8000','','','16:47:38','2020-10-31',''),
('8','1','8','','1000','3000','','','16:47:53','2020-10-31',''),
('9','1','9','','33000','35000','','','16:48:38','2020-10-31',''),
('10','1','10','','10000','12000','','','16:49:00','2020-10-31',''),
('11','1','11','','30000','35000','','','16:49:17','2020-10-31',''),
('12','1','12','','26000','30000','','','16:49:37','2020-10-31',''),
('13','1','13','','29000','30000','','','16:49:52','2020-10-31',''),
('14','1','14','','15000','16000','','','16:50:31','2020-10-31',''),
('15','1','15','','15000','16000','','','16:50:31','2020-10-31',''),
('16','1','16','FRESH CARE ORIGINAL','10000','12000','5','','15:17:17','2020-10-31',''),
('19','1','19','FRESH CARE SPLASH FRUIT','10000','20000','3','','15:21:22','2020-10-31',''),
('32','1','4','ABBOCATH 18','14900','16000','5','','19:45:00','2020-11-01','PERUBAHAN STOK'),
('33','1','4','ABBOCATH 22','20000','22000','20','','19:45:44','2020-11-01','PERUBAHAN NAMA,PERUBAHAN HARGA BELI,PERUBAHAN HARGA JUAL,PERUBAHAN STOK'),
('34','1','3','ABBOCATH 20','14900','16000','4','','19:46:57','2020-11-01','PERUBAHAN STOK'),
('35','1','3','ABBOCATH 20','14900','16000','5','','19:47:47','2020-11-01','PERUBAHAN STOK'),
('36','1','3','ABBOCATH 20','15000','16000','5','','19:47:57','2020-11-01','PERUBAHAN HARGA BELI'),
('37','1','3','ABBOCATH 20','15000','16000','5','','20:13:06','2020-11-01','PENGHAPUSAN DATA'),
('45','1','4','ABBOCATH 22','20000','22000','20','1','13:09:01','2020-11-02','PENYUPLAIAN STOK'),
('46','1','20','FUMADRYL 60 ML','6000','7000','0','5','15:56:23','2020-11-07','PENAMBAHAN DATA'),
('47','1','21','FUROSEMID 40MG','500','1000','0','10','15:58:30','2020-11-07','PENAMBAHAN DATA'),
('48','1','4','ABBOCATH 22','20000','23000','18','','20:08:10','2020-11-07','PERUBAHAN HARGA JUAL'),
('49','1','4','ABBOCATH 22','20000','22000','18','0','20:09:23','2020-11-07','PERUBAHAN HARGA JUAL'),
('50','1','4','ABBOCATH 22','20000','22000','18','','20:09:44','2020-11-07','PENGHAPUSAN DATA'),
('51','1','5','ABSOLUTE','14000','15000','8','0','20:10:19','2020-11-07','PENGHAPUSAN DATA'),
('52','1','22','FUSON CR 5GR','47000','50000','0','30','20:12:28','2020-11-07','PENAMBAHAN DATA'),
('53','1','6','ACETON 60ML','6000','7000','9','2','20:13:36','2020-11-07','PENYUPLAIAN STOK'),
('54','1','23','GABITEN TAB','500','1000','0','0','06:11:30','2020-11-23','PENAMBAHAN DATA'),
('55','1','9','ACLONAC GEL','33000','35000','0','0','06:32:57','2020-11-23','PENGHAPUSAN DATA'),
('56','1','6','ACETON 60ML','6000','7000','9','1','06:53:14','2020-11-23','PENYUPLAIAN STOK'),
('57','1','24','ANAKONIDIN SYR 60ML','10000','11000','0','1','16:17:23','2020-11-30','PENAMBAHAN DATA'),
('58','1','6','ACETON 60ML','6000','7000','1','0','12:36:07','2020-12-01','PERUBAHAN STOK'),
('59','1','25','AMURATEN','3000','5000','0','5','12:38:26','2020-12-01','PENAMBAHAN DATA'),
('60','1','25','AMURATEN','3000','5000','5','1','12:38:54','2020-12-01','PENYUPLAIAN STOK'),
('61','1','26','Acarbose','5000','6000','0','3','06:39:56','2020-12-14','PENAMBAHAN DATA'),
('62','1','27','Acetazolamide','300','600','0','3','06:41:29','2020-12-14','PENAMBAHAN DATA'),
('63','1','28','ANDALAN LAKTASI','11000','12000','0','20','23:48:40','2020-12-16','PENAMBAHAN DATA'),
('64','1','26','Acarbose','5000','6000','3','3','23:50:56','2020-12-16','PENYUPLAIAN STOK');




DROP TABLE IF EXISTS `t_users`;CREATE TABLE `t_users` (
  `id` int(11) NOT NULL AUTO_INCREMENT,
  `username` varchar(30) NOT NULL,
  `password` varchar(30) NOT NULL,
  `status` enum('SELLER','APOTEKER','ADMIN') NOT NULL,
  `available` tinyint(1) NOT NULL,
  PRIMARY KEY (`id`)
) ENGINE=InnoDB AUTO_INCREMENT=9 DEFAULT CHARSET=utf8mb4;


INSERT INTO t_users VALUES
('1','seller1','seller1','SELLER','1'),
('2','apoteker1','apoteker1','APOTEKER','1'),
('3','admin','admin','ADMIN','1'),
('5','seller2','seller2','SELLER','0'),
('6','bbb','accc','SELLER','0'),
('7','AsbUNa','1','SELLER','0'),
('8','ZXC','ZXC','SELLER','0');


